x,y,x2,y2,angle,true angle
"141.6846579","103.8492363","138.6535157","71.0246291","5.275935693","5.275935693"
"103.4621935","145.6780164","297.1223374","74.2436634","-69.75277242","290.2472276"
"123.5817606","36.24574754","158.7319818","218.5593008","10.91277673","10.91277673"
"286.6381812","41.24329982","228.9147321","131.2380987","-32.67646661","327.3235334"
"282.3351099","246.4731638","153.0878189","83.19663398","38.3646173","38.3646173"
"356.1651917","113.2928783","187.1179997","201.8603408","-62.34898936","297.6510106"
"225.8580956","69.54196574","274.9384152","90.08425294","67.2885308","67.2885308"
"326.6439491","203.3916068","74.43081378","268.6936096","-75.48397791","284.5160221"
"257.5631338","201.3491188","38.90517894","185.4572656","85.84310594","85.84310594"
"338.7349053","81.45212551","290.3702597","249.4460583","-16.0608553","343.9391447"
"90.42574439","169.9744652","205.286643","73.68166438","-50.025458","309.974542"
"313.220446","152.7413436","365.5451811","37.18678944","-24.36168954","335.6383105"
"149.5889491","101.2725638","363.5353663","77.04004344","-83.53796538","276.4620346"
"49.64770782","134.5908336","168.4957831","141.2828733","86.77722019","86.77722019"
"221.7163612","77.83791833","34.12387654","196.1746012","-57.75554049","302.2444595"
"144.2614032","105.800722","323.7711246","112.5656428","87.8417989","87.8417989"
"61.49519921","218.7221852","98.80017155","234.0289603","67.69094091","67.69094091"
"297.2793035","192.4955596","322.4263724","265.2507933","19.06716162","19.06716162"
"175.849528","195.9680412","358.7751484","141.2080178","-73.33457295","286.665427"
"51.86587859","202.9620202","215.5713764","190.5266862","-85.65606233","274.3439377"
"292.9258621","120.5183462","244.2196782","89.57624834","57.57299339","57.57299339"
"356.2063468","160.0701641","242.4645171","98.05547802","61.3997564","61.3997564"
"253.2016577","140.5324787","356.206316","266.0609717","39.37120499","39.37120499"
"157.222644","71.29772741","327.9553934","256.1992934","42.71848713","42.71848713"
"155.644062","144.5163926","62.60153754","101.190288","65.03052708","65.03052708"
"347.6139993","139.938991","312.4347088","112.6354106","52.18401281","52.18401281"
"353.2792074","113.6210151","35.15267359","186.79741","-77.04598814","282.9540119"
"186.5208945","242.3315711","170.0100436","35.95714728","4.574168713","4.574168713"
"244.450005","224.4065236","87.93580305","253.235938","-79.56328557","280.4367144"
"194.2372794","149.1741968","288.1143973","86.41802917","-56.23756166","303.7624383"
"322.1336804","46.48013527","243.3158807","105.7960046","-53.03599802","306.964002"
"170.6297741","177.2820085","291.455436","89.46215377","-53.989178","306.010822"
"291.713925","108.6139721","325.5592276","98.96107743","-74.08151473","285.9184853"
"49.42416497","153.2305816","113.9758799","87.14105652","-44.32558842","315.6744116"
"134.3722006","260.9092061","33.23574747","250.6214909","84.19178597","84.19178597"
"302.0114683","112.8226071","249.7281327","266.7430525","-18.76147623","341.2385238"
"149.6579491","216.7149522","237.6196177","220.0353237","87.83822889","87.83822889"
"57.19374103","119.4683984","264.2431489","88.50224366","-81.49393326","278.5060667"
"136.7588587","92.50714951","307.5723941","165.6217248","66.82726594","66.82726594"
"31.18067785","38.45063443","145.6288947","239.4078977","29.66217064","29.66217064"
"223.5248749","71.7058167","173.0617791","212.7585769","-19.68519938","340.3148006"
"85.57256394","39.44131649","214.3654282","200.9476124","38.57053754","38.57053754"
"118.4686414","153.1304413","244.7880785","67.55669","-55.88474366","304.1152563"
"231.9956397","212.1019948","144.2323615","116.8863379","42.66774252","42.66774252"
"280.9003089","78.8846802","80.67350076","78.76903156","89.96690664","89.96690664"
"109.0278565","33.42371564","307.2316714","213.4550873","47.75068077","47.75068077"
"344.2467603","81.0952059","109.5971111","83.98739392","-89.29383327","270.7061667"
"170.1636378","33.69768231","102.5412147","57.89460464","-70.31157429","289.6884257"
"87.70907024","232.0266633","156.1710747","124.252018","-32.42505749","327.5749425"
"217.476089","252.4482657","34.79811227","130.2173484","56.21328485","56.21328485"
"211.0430405","256.3279592","39.05589017","98.07463785","47.38140788","47.38140788"
"332.5666773","146.8535169","258.277511","44.11298091","35.86977065","35.86977065"
"209.785163","34.95579299","279.8703482","195.323164","23.60672103","23.60672103"
"219.1307723","52.42166182","170.2733953","171.6745756","-22.27868963","337.7213104"
"106.1321169","163.8414354","44.79428211","85.85937723","38.1872956","38.1872956"
"156.3604282","87.03214643","355.2390491","37.36227679","-75.97725656","284.0227434"
"170.4189225","91.53846787","280.1808277","218.4309765","40.85977579","40.85977579"
"102.3634081","151.6833082","138.6037583","92.39466973","-31.43547878","328.5645212"
"255.2967483","32.58392081","244.6433028","252.0183456","-2.77950262","357.2204974"
"316.2724994","79.96285867","149.8088197","193.3629357","-55.73612913","304.2638709"
"88.91363418","159.545226","129.9765971","93.29593787","-31.79166825","328.2083318"
"147.7866985","37.668521","103.723044","48.84533546","-75.76701466","284.2329853"
"33.34296252","137.8822411","112.7930189","267.5104993","31.50442055","31.50442055"
"206.1234655","237.2018645","260.4906282","174.4570309","-40.908285","319.091715"
"342.9378119","183.7495398","47.83929185","242.0751814","-78.8197008","281.1802992"
"35.92930676","160.1347526","119.8803396","228.1493899","50.98663454","50.98663454"
"66.03198594","54.37050781","296.6184574","127.4516123","72.41472823","72.41472823"
"106.3169574","36.25240165","347.7543017","210.4704609","54.18627184","54.18627184"
"118.3384495","81.0540855","34.23485056","152.1134471","-49.80544124","310.1945588"
"218.1565034","117.7062682","261.3303983","104.4614602","-72.94513019","287.0548698"
"202.4556367","102.4685887","230.4402999","59.97638863","-33.3682421","326.6317579"
"142.8926481","90.71103831","145.0088929","241.1894657","0.805722821","0.805722821"
"214.0840953","205.3569531","363.8769635","260.813147","69.68448081","69.68448081"
"128.9014103","191.2894021","349.7698465","202.6510787","87.05524774","87.05524774"
"359.947933","205.1461767","181.7409567","86.76916761","56.40522484","56.40522484"
"135.7086544","171.4533111","363.182549","35.72239479","-59.17598444","300.8240156"
"137.1359847","112.2919941","139.8468021","119.8280562","19.78430327","19.78430327"
"175.8064364","122.2076617","222.1247244","259.5242099","18.63978134","18.63978134"
"59.81720544","162.8800911","33.7355546","223.3663053","-23.3257017","336.6742983"
"243.4175468","72.91878025","121.1728523","63.31471318","85.50782528","85.50782528"
"112.2988637","73.89961713","252.4798264","221.9571616","43.43469003","43.43469003"
"251.034888","214.7025388","202.6426363","80.86193284","19.87828246","19.87828246"
"41.49960879","203.3845077","239.7013068","152.2550812","-75.53496364","284.4650364"
"301.1228668","269.1024262","72.34156376","166.9818555","65.9455615","65.9455615"
"345.4824692","160.705845","196.5969493","257.7869097","-56.8935688","303.1064312"
"141.7977215","61.74300992","302.7154026","238.1019845","42.37869912","42.37869912"
"305.1758774","48.86548183","279.0975611","184.2159749","-10.90568155","349.0943184"
"332.9505063","251.9062207","243.2628734","125.6216695","35.38247369","35.38247369"
"35.3082547","173.6097013","124.3487581","250.3021845","49.26097837","49.26097837"
"101.0507296","249.8833626","89.45578756","231.5357511","32.29121633","32.29121633"
"348.4600946","107.2231808","123.2628757","243.2768969","-58.86157499","301.138425"
"266.2422788","150.0514825","175.0944255","182.0648717","-70.64745871","289.3525413"
"167.6249913","30.40063805","347.7578386","194.358031","47.69145522","47.69145522"
"170.3524544","53.20610809","299.7744855","187.4401036","43.95441552","43.95441552"
"131.4602008","54.79697444","219.3541844","148.069924","43.29935006","43.29935006"
"36.67634178","249.7996885","300.2255425","243.8189087","-88.69999746","271.3000025"
"250.2507816","231.64968","294.9857567","264.0760771","54.06331165","54.06331165"
"206.0332972","258.1833259","90.55125606","234.6104128","78.4629266","78.4629266"
"266.3267452","196.9205536","345.1971462","57.30300301","-29.46224392","330.5377561"
"154.342045","99.27607855","237.2672154","130.0574668","69.63533829","69.63533829"
"171.1378348","228.1397643","267.4174687","224.9015787","-88.07368961","271.9263104"
"107.1116481","70.58690167","227.4667745","221.3079092","38.60838704","38.60838704"
"282.3474916","208.7259445","34.8457275","199.4807644","87.86076825","87.86076825"
"119.6442371","216.2374128","345.9836252","102.7047658","-63.36149337","296.6385066"
"172.1603838","166.9227343","200.8476297","198.2287049","42.50060602","42.50060602"
"318.8026725","222.3749188","305.1592744","186.6814519","20.91875394","20.91875394"
"345.7120663","172.3073723","64.90275208","76.93076355","71.23999452","71.23999452"
"74.88488958","234.6720321","50.42497958","101.2606208","10.38933616","10.38933616"
"142.854925","45.51226828","263.3693657","255.1737033","29.89050448","29.89050448"
"169.0008914","200.7782516","219.5929862","31.27065593","-16.61852621","343.3814738"
"34.2622377","157.527541","145.0323715","181.6130201","77.73274927","77.73274927"
"172.4674282","258.66732","93.30689561","240.3091188","76.94328593","76.94328593"
"53.69588118","73.6438051","105.0076805","262.247419","15.21961249","15.21961249"
"266.7775596","43.60839842","299.8727042","179.2441578","13.71224453","13.71224453"
"181.859746","62.42110764","152.59899","205.1128843","-11.58857181","348.4114282"
"73.89185316","202.5264641","267.5912827","65.45071068","-54.71400843","305.2859916"
"106.8688698","69.45464235","229.7060657","45.35049288","-78.8980014","281.1019986"
"31.71927891","224.1044469","251.2117296","250.5737246","83.12372852","83.12372852"
"94.44503193","155.3216069","190.9963959","127.6389222","-74.00163042","285.9983696"
"225.05641","104.1633435","142.2593276","197.6943091","-41.51644634","318.4835537"
"244.0072869","161.8589488","368.966106","239.6864124","58.08432184","58.08432184"
"230.8441796","145.4338887","223.3580016","264.3917442","-3.600951865","356.3990481"
"60.42666682","264.5103754","253.984447","30.76952203","-39.62771639","320.3722836"
"142.8542538","164.3512225","58.42694377","208.1428587","-62.58466324","297.4153368"
"274.9872979","253.3145945","238.2566005","151.8595949","19.90224698","19.90224698"
"75.86731042","39.25887681","79.50581854","115.3265919","2.738512471","2.738512471"
"31.73268031","242.3574932","224.2298357","116.1136988","-56.74227171","303.2577283"
"355.6511059","107.447816","279.23836","214.1028088","-35.61962536","324.3803746"
"339.6297898","97.10039465","252.2497364","256.5973954","-28.71602679","331.2839732"
"237.7470357","134.576494","119.5683423","162.6570659","-76.63375487","283.3662451"
"358.6713086","109.5970007","83.25127116","226.9736019","-66.91760321","293.0823968"
"345.9526128","259.7661218","152.3837415","134.5447009","57.10081336","57.10081336"
"85.03708395","100.6442919","183.0086106","144.2068971","66.02788893","66.02788893"
"367.7293067","112.3383559","228.6586233","187.6741956","-61.55519649","298.4448035"
"361.6901788","41.55024106","262.0981182","162.517847","-39.46446585","320.5355341"
"267.4178543","219.8074129","367.6217786","187.1390025","-71.94303351","288.0569665"
"295.2959192","121.3648811","326.4416246","226.0492107","16.56880627","16.56880627"
"94.51690758","128.1517801","176.7245882","187.6853999","54.08848468","54.08848468"
"196.1893597","171.7832052","297.3458785","83.89696065","-49.01541689","310.9845831"
"190.3479798","110.1194641","343.348425","170.8881296","68.33803043","68.33803043"
"307.4071369","133.9106098","56.65562025","93.98586357","80.95328356","80.95328356"
"175.725947","229.661684","168.506078","245.6429965","-24.3119996","335.6880004"
"112.7350231","219.8556328","235.3703632","99.15391713","-45.45527872","314.5447213"
"209.8766161","73.59014649","256.0379621","237.6726786","15.71288777","15.71288777"
"207.5565546","157.6026984","95.28126055","35.9237548","42.6982697","42.6982697"
"58.45188068","57.00919388","314.3296903","122.425778","75.65918626","75.65918626"
"314.3369904","158.4913782","89.36654178","158.7046354","-89.94568737","270.0543126"
"189.3114902","227.5333502","334.2930114","132.8263951","-56.84603847","303.1539615"
"45.22025522","40.30990005","143.4102902","113.2569793","53.39070286","53.39070286"
"228.5527061","174.0598152","121.7298788","264.3494403","-49.79457555","310.2054244"
"164.8946805","241.6715937","58.20699312","175.5852799","58.22438879","58.22438879"
"287.4241797","36.97091102","315.2749693","79.15171404","33.43565264","33.43565264"
"329.1014007","119.904997","177.4759662","207.1757921","-60.07663313","299.9233669"
"241.1669872","234.8909365","315.4821886","41.52835281","-21.02330665","338.9766934"
"288.4825744","118.8240012","283.9886002","124.584954","-37.9568957","322.0431043"
"152.9576495","54.06136847","305.4466749","110.5842037","69.66185781","69.66185781"
"258.5248607","226.874707","157.2241249","219.4847789","85.82764159","85.82764159"
"146.0195798","244.3252765","99.35763935","233.2581494","76.65731515","76.65731515"
"297.8376242","61.45348801","315.9952024","51.80437447","-62.01338909","297.9866109"
"42.21895348","33.67306826","219.8442355","211.0113963","45.04631812","45.04631812"
"236.6695022","151.5768357","133.8640466","169.744142","-79.97841822","280.0215818"
"230.2280418","63.09375521","96.75434727","174.6353699","-50.11509017","309.8849098"
"322.2273279","47.23116123","62.80785971","201.1028653","-59.32618367","300.6738163"
"46.34697375","135.6459861","54.50505819","200.5481931","7.164396077","7.164396077"
"367.8970719","137.0599971","179.5542583","224.2200619","-65.1665505","294.8334495"
"218.6079515","77.5082119","49.33553976","134.1774717","-71.49041089","288.5095891"
"69.81881883","262.7307423","71.42296173","156.317985","-0.8636526222","359.1363474"
"283.6929102","182.3336476","135.2143738","95.8679708","59.78584774","59.78584774"
"240.4405795","53.28346471","105.5704022","243.3017181","-35.36617429","324.6338257"
"156.8853707","200.3211418","132.9006984","85.25312594","11.7740961","11.7740961"
"277.7356306","219.6732127","352.4928855","208.0639679","-81.17289911","278.8271009"
"159.7236867","155.563329","62.39255119","252.9853977","-44.97324773","315.0267523"
"77.84379847","180.9963641","215.8180323","122.714663","-67.10031614","292.8996839"
"136.7600663","53.74664107","327.9390524","264.6798156","42.18754481","42.18754481"
"134.1800119","250.712388","274.1821831","81.33694231","-39.57641767","320.4235823"
"41.95637369","170.1995269","56.73082196","60.1838393","-7.648718038","352.351282"
"47.79758297","103.4573416","234.7952306","30.03193946","-68.56234003","291.43766"
"103.4229711","147.4135113","98.66247714","139.8925423","32.33229086","32.33229086"
"241.3155464","99.46602116","133.6367125","185.0768491","-51.51329384","308.4867062"
"140.6540171","212.0427297","103.0931286","45.57707309","12.71514279","12.71514279"
"285.3975085","31.59778107","34.67592764","81.65634814","-78.70891077","281.2910892"
"275.9168157","263.318399","88.78749964","231.6342735","80.39000736","80.39000736"
"345.0456233","165.6689146","264.6916601","267.2578922","-38.34298451","321.6570155"
"307.3612797","95.84220202","271.2368518","38.09195137","32.02715318","32.02715318"
"319.3512855","253.1534312","84.87634337","146.619011","65.56517914","65.56517914"
"268.6388154","56.64375181","334.9336127","142.1657574","37.78206381","37.78206381"
"208.3902637","189.9963483","233.1986084","99.00109316","-15.25011177","344.7498882"
"262.8307611","64.7485684","281.0655155","112.4555012","20.91807667","20.91807667"
"84.2932816","258.7112627","359.2834979","142.2113699","-67.04000457","292.9599954"
"348.3194653","235.6021873","109.2279695","39.53907256","50.64708844","50.64708844"
"268.8548585","244.2780525","107.2303847","88.6245192","46.07813748","46.07813748"
"123.4884574","55.5786235","217.4116608","98.06685985","65.65933131","65.65933131"
"260.1174418","257.5401772","361.2658451","122.6395812","-36.86254578","323.1374542"
"314.9718658","35.26574145","291.5539951","146.5262912","-11.88599374","348.1140063"
"297.0009575","231.4948472","348.4266586","61.4685954","-16.82833073","343.1716693"
"231.3097551","254.8119546","284.7580985","158.4312116","-29.0107424","330.9892576"
"220.1187204","173.4960867","104.6529107","55.56210052","44.39412619","44.39412619"
"177.5908422","49.63542658","338.85425","38.34133546","-85.99382854","274.0061715"
"323.3705651","56.12185143","152.8719342","153.7557508","-60.20293223","299.7970678"
"265.8246516","128.2855533","245.8411298","72.12997768","19.58860879","19.58860879"
"113.7371524","246.2137998","140.0617134","232.5432476","-62.55679189","297.4432081"
"145.7914664","113.0032999","83.99546944","126.3402468","-77.82110123","282.1788988"
"263.9818443","159.0541663","295.1515795","138.6655743","-56.81069826","303.1893017"
"88.9438367","183.0996805","209.7393584","208.0981166","78.30778382","78.30778382"
"316.8274383","175.2199679","80.2647218","208.1272718","-82.08063099","277.919369"
"297.1118047","145.9561819","219.9263514","155.4316101","-83.00128258","276.9987174"
"150.8055686","102.5226902","197.6104525","130.2284852","59.37691145","59.37691145"
"243.39483","73.29501482","324.8368183","227.2765002","27.87470667","27.87470667"
"172.6310751","94.52326076","235.7349424","208.4094301","28.99065992","28.99065992"
"366.3646544","263.1670305","166.206344","30.97609812","40.76271529","40.76271529"
"242.9479307","219.0796956","238.3425457","95.5628447","2.135311479","2.135311479"
"53.77992099","51.40800631","269.959448","99.50409435","77.45700061","77.45700061"
"60.00664731","152.6597528","202.0705718","93.65238421","-67.44406044","292.5559396"
"158.2084033","99.41681296","54.4563614","96.50074064","88.39005904","88.39005904"
"96.70701413","164.9056167","346.0689688","268.4022814","67.45930497","67.45930497"
"285.6154984","36.05827978","363.0189551","178.8115156","28.46737184","28.46737184"
"241.9781051","98.09351458","304.6928784","80.66814235","-74.47198599","285.528014"
"87.01714178","167.0866389","326.8799448","146.6004867","-85.11834075","274.8816593"
"288.2361582","61.36039311","187.8156124","196.7818394","-36.55844809","323.4415519"
"282.1848881","191.2687211","200.6584197","192.0745158","-89.43371602","270.566284"
"327.2895611","192.2940735","123.0272964","209.3576775","-85.22472875","274.7752713"
"319.1654911","32.65679684","77.72614329","99.94652413","-74.42671834","285.5732817"
"191.2394631","129.8745727","336.1805497","215.1735677","59.52284648","59.52284648"
"341.6345038","256.2658815","104.6789218","265.2827718","-87.82077043","272.1792296"
"180.4091174","232.7344914","146.319346","53.97209244","10.7966043","10.7966043"
"352.0034905","151.5461441","321.4128799","55.36761786","17.64382306","17.64382306"
"133.9405177","43.94726755","146.9853247","166.2838478","6.086477544","6.086477544"
"277.4658013","245.0550296","261.4368907","218.4761547","31.09290007","31.09290007"
"341.303171","65.47553065","356.3032122","113.3312618","17.40323142","17.40323142"
"111.0824021","249.9222507","103.0025235","209.5176904","11.30852343","11.30852343"
"294.5072226","198.1899642","285.2330423","50.14682111","3.584616647","3.584616647"
"104.4231125","233.1112531","38.93687492","64.69767161","21.24816113","21.24816113"
"185.3064567","141.9233247","108.1322364","225.4076539","-42.75077722","317.2492228"
"142.6021303","228.9095472","116.8185947","67.68968528","9.086242602","9.086242602"
"322.1818201","128.0269474","347.5501822","188.0700243","22.90418905","22.90418905"
"128.7501899","244.0747401","53.00458219","230.1090611","79.55335018","79.55335018"
"265.5420858","266.7698415","30.29715437","80.35483619","51.60565931","51.60565931"
"41.58626845","250.9195839","307.2156839","169.8826516","-73.03435517","286.9656448"
"52.55664408","84.83513503","122.6679167","136.4102602","53.6611251","53.6611251"
"76.88585545","262.3853333","88.71025348","71.71188408","-3.54858858","356.4514114"
"255.5997398","134.0472937","346.6990887","52.23225261","-48.07343613","311.9265639"
"207.9509209","229.6244011","191.8619188","182.2758508","18.76772255","18.76772255"
"159.7526665","199.9778791","68.00256378","210.0796298","-83.71700078","276.2829992"
"69.89188653","168.3382514","286.1225894","205.9138777","80.14183538","80.14183538"
"48.55896674","235.6494907","79.61084673","173.3495308","-26.4928296","333.5071704"
"262.4186148","264.3908878","72.36623144","189.8105964","68.57398155","68.57398155"
"115.6989945","237.3591654","160.0239107","38.10349413","-12.5413785","347.4586215"
"42.25385038","160.0898094","70.50858674","135.4771944","-48.94097645","311.0590236"
"49.94863417","171.5950695","140.9514434","176.3255527","87.02434467","87.02434467"
"142.1387071","236.7908529","39.68015267","88.627307","34.66476401","34.66476401"
"287.2783391","197.7966455","78.85372865","113.4740011","67.97315041","67.97315041"
"33.16824378","152.6888479","146.2547603","234.1820319","54.22246473","54.22246473"
"366.8622803","253.7293768","361.1152551","207.6293875","7.106080145","7.106080145"
"111.9109156","101.0984666","42.42670138","237.6523558","-26.96885695","333.0311431"
"35.79443969","239.6835737","233.4160698","176.9647206","-72.39220856","287.6077914"
"226.0271848","127.2563578","221.0704441","77.83599094","5.727471035","5.727471035"
"103.2032037","134.4836262","239.5384072","152.5420489","82.45474885","82.45474885"
"51.06872395","112.4835511","245.1563673","186.6758447","69.08005391","69.08005391"
"50.03412295","159.0818999","242.4645308","249.493787","64.83389087","64.83389087"
"277.5341049","203.9828067","322.4440159","117.0564279","-27.32282408","332.6771759"
"41.91192381","129.7319235","349.2516437","65.14991965","-78.13296072","281.8670393"
"88.36462677","265.9060615","60.50308248","153.8086132","13.95789185","13.95789185"
"244.1379384","188.5603524","38.94080347","120.0448488","71.53579001","71.53579001"
"321.7320226","130.6594499","171.8579792","51.54995504","62.17312136","62.17312136"
"349.032515","139.7084578","88.86022338","88.15252625","78.79143244","78.79143244"
"217.6092377","85.51405829","334.3105284","58.25351787","-76.85189877","283.1481012"
"344.5598069","127.7634197","200.3725204","226.0769056","-55.71204548","304.2879545"
"176.1983703","34.00678729","93.92909602","187.4100081","-28.20440605","331.7955939"
"31.60341807","84.36924728","229.7077591","115.9393219","80.94543357","80.94543357"
"215.3514669","248.6442486","356.0219302","44.87285996","-34.61866567","325.3813343"
"296.5874642","89.86891364","306.3976143","170.7761715","6.913467219","6.913467219"
"137.7579754","234.1102448","277.4248013","178.2504334","-68.20103743","291.7989626"
"141.6120108","239.5045106","233.4223779","100.5618698","-33.45588701","326.544113"
"78.54727538","110.3211268","317.9740394","245.0808488","60.62731181","60.62731181"
"260.2118921","156.7637546","286.005916","126.4247557","-40.37097697","319.629023"
"153.2886764","152.820046","73.01742718","147.7897786","86.41419925","86.41419925"
"41.63121441","187.3297399","315.6099917","123.8997943","-76.96487073","283.0351293"
"64.94940498","253.447536","176.7087594","244.13672","-85.23761262","274.7623874"
"277.5753699","61.93935289","121.7180626","35.58300472","80.40176631","80.40176631"
"267.5414745","55.01899753","108.6727598","265.7979602","-37.0061325","322.9938675"
"314.2604219","80.20534754","205.1508452","200.4907598","-42.21082696","317.789173"
"291.8608836","86.67645351","337.0133936","47.96109197","-49.38904351","310.6109565"
"59.79417785","223.7800324","225.6752501","241.7041647","83.83288282","83.83288282"
"284.3698512","147.2089617","187.7297469","241.1137522","-45.82243701","314.177563"
"67.12175795","38.55668591","195.3719312","114.1664593","59.47856297","59.47856297"
"349.9301259","206.2506027","45.12334629","183.1450284","85.66504107","85.66504107"
"99.64335997","113.0896223","73.49268591","158.2218096","-30.08903347","329.9109665"
"250.3606963","140.9135364","227.0132571","224.7384992","-15.56390717","344.4360928"
"77.91669783","123.9880721","323.3092112","147.8087152","84.45557848","84.45557848"
"197.8256393","209.893335","41.36851703","201.8680336","87.06364749","87.06364749"
"348.407362","177.3733572","75.73317407","260.0725778","-73.12799988","286.8720001"
"40.58167162","208.941342","252.7319963","242.8083188","80.93002045","80.93002045"
"219.9269976","206.0063714","126.3401437","259.2114097","-60.38134784","299.6186522"
"300.9135081","260.1312607","304.5175173","138.9882545","-1.7040491","358.2959509"
"360.1418381","240.5640373","243.9863883","94.03832747","38.40494775","38.40494775"
"275.0076853","200.6013015","180.4487276","183.543837","79.77439889","79.77439889"
"347.3477032","95.69150398","271.6581837","87.20602922","83.60333807","83.60333807"
"62.47100272","61.22575875","100.1713882","141.6148729","25.12534518","25.12534518"
"284.658212","130.5533027","108.7931408","114.2140123","84.69199549","84.69199549"
"341.1617627","37.50803259","362.0703044","224.0735597","6.39449972","6.39449972"
"101.9689428","32.07318357","133.3776082","260.8803977","7.816216125","7.816216125"
"89.50476319","118.1875664","263.7810626","42.01968808","-66.39215036","293.6078496"
"341.7341181","218.0606829","170.0330263","116.3291991","59.35360757","59.35360757"
"323.6032842","224.6624357","367.5899313","82.32365828","-17.1726059","342.8273941"
"347.9772288","216.8950531","324.498155","190.8920438","42.0800414","42.0800414"
"236.9021928","148.1454213","165.210697","32.79164104","31.86063637","31.86063637"
"153.3690472","99.04508779","186.8975159","189.5732024","20.32287931","20.32287931"
"324.1190432","102.0393885","122.2244937","135.9639752","-80.46162478","279.5383752"
"90.02573593","160.8691814","176.5255639","205.5495922","62.68194732","62.68194732"
"303.429898","73.6366144","296.2414289","148.6849878","-5.471354375","354.5286456"
"48.34625668","179.0351542","164.1997342","66.99556321","-45.95877952","314.0412205"
"257.8205688","269.9614182","200.6246425","264.6968301","84.74103921","84.74103921"
"281.2269618","49.44589807","298.2354579","235.5073057","5.223082553","5.223082553"
"331.0030954","64.18420646","275.0079634","42.65868876","68.97235846","68.97235846"
"103.9280199","141.4267969","264.5257819","95.4755445","-74.03277847","285.9672215"
"369.8234349","227.0839517","248.9958455","123.9721534","49.52323503","49.52323503"
"182.350204","198.5456894","76.88433366","129.5899883","56.82253592","56.82253592"
"84.68505738","246.8225353","152.082798","44.15144769","-18.39441102","341.605589"
"333.2030259","42.96818936","71.61166799","83.67617706","-81.1547641","278.8452359"
"354.7822484","262.8647653","43.25336815","87.50931402","60.62542004","60.62542004"
"131.2600614","150.6218489","230.1129572","100.4370955","-63.08441373","296.9155863"
"225.0359598","218.0295347","191.7709516","185.6836967","45.80262828","45.80262828"
"203.4209497","158.3242616","349.3334897","61.32024219","-56.38366893","303.6163311"
"217.277469","126.9370279","276.7447045","182.8028553","46.7885457","46.7885457"
"302.5111168","218.8443623","354.8537965","152.3269531","-38.19927662","321.8007234"
"46.71541509","78.82114498","89.15016765","179.4246802","22.87010487","22.87010487"
"360.5906935","211.7846636","122.8277779","215.5474936","-89.09331413","270.9066859"
"184.897888","35.8522836","204.6077551","268.0863048","4.851108404","4.851108404"
"81.01791028","42.11748034","70.74552295","74.7138153","-17.49168973","342.5083103"
"67.65342002","221.5602014","88.48985007","58.40979039","-7.278017464","352.7219825"
"238.6852301","247.8510603","33.51249249","200.0342237","76.88102197","76.88102197"
"137.8354453","93.20651303","153.4935785","221.0250429","6.984097929","6.984097929"
"260.848097","246.0652412","119.8740728","213.6823088","77.06309879","77.06309879"
"191.6392596","201.3287779","291.9040421","127.6399864","-53.6862743","306.3137257"
"227.9872692","263.6114432","128.158242","79.97826164","28.52995521","28.52995521"
"268.9063606","112.2093811","215.1673038","108.7060383","86.27006632","86.27006632"
"270.4407699","215.0410282","182.1010884","159.6957421","57.93263474","57.93263474"
"233.838499","46.5101016","308.4419007","238.3421673","21.2510355","21.2510355"
"166.4265346","174.4810911","173.6632115","140.9742611","-12.18732886","347.8126711"
"296.1356375","100.3035453","320.4113496","225.2893339","10.99157858","10.99157858"
"38.93063706","67.63932801","135.807077","193.6866302","37.54487494","37.54487494"
"133.5328286","222.5228237","253.291439","44.2161396","-33.88704578","326.1129542"
"340.2007507","111.0616017","143.8141168","252.2260902","-54.29107806","305.7089219"
"156.3892709","213.4879154","335.689938","237.982749","82.22079789","82.22079789"
"94.76283296","113.1094583","97.56787386","254.7096525","1.134857109","1.134857109"
"261.2882251","39.4474212","44.3701452","221.5407964","-49.9879904","310.0120096"
"155.5388139","168.5413337","202.0694041","154.4649046","-73.16838986","286.8316101"
"313.0113598","213.5454466","59.19416856","33.79838938","54.69481772","54.69481772"
"127.4118798","108.4931142","231.0995948","51.04909821","-61.01311513","298.9868849"
"178.7915861","188.5814088","219.2987369","115.5588789","-29.01806409","330.9819359"
"92.15612062","231.232529","45.27995122","180.3635429","42.66081065","42.66081065"
"253.0210016","204.4231217","195.1721677","208.8463368","-85.62758002","274.37242"
"45.77238446","176.2293674","225.7484527","52.84481832","-55.56699012","304.4330099"
"288.7564657","264.756717","309.6018119","73.60666534","-6.223640997","353.776359"
"270.7683688","53.51214445","277.2662213","150.1595496","3.846353478","3.846353478"
"110.1463144","204.558484","95.8587543","208.717707","-73.76929938","286.2307006"
"32.66780803","79.39263338","367.8684663","157.9724806","76.80660356","76.80660356"
"199.5835411","100.5497806","80.95205031","41.00177741","63.34527975","63.34527975"
"201.9715869","34.60537852","288.2999335","197.6211713","27.90437211","27.90437211"
"188.8208544","89.99407059","78.85443225","32.80623148","62.52339489","62.52339489"
"343.9276904","246.6510537","44.62120397","174.0858638","76.3719128","76.3719128"
"104.8716158","185.3114478","338.3720527","68.74910796","-63.47184166","296.5281583"
"271.862488","238.322751","226.792075","191.4123764","43.85402182","43.85402182"
"141.2400383","178.6679314","234.4636315","37.21438438","-33.38649347","326.6135065"
"292.6124938","91.45449242","149.0484648","148.4007553","-68.36369912","291.6363009"
"121.4102152","86.24088303","363.5307214","172.6718864","70.35469847","70.35469847"
"200.9647924","220.033414","102.8681058","144.3350945","52.34369023","52.34369023"
"204.6731342","59.31522395","272.2871453","150.1868756","36.65148051","36.65148051"
"214.2192348","139.8833741","357.7098237","122.9719797","-83.27828949","276.7217105"
"180.9447732","230.5244674","97.61863326","91.62162452","30.95903518","30.95903518"
"87.34334838","251.8293135","240.0149465","227.8484029","-81.0731971","278.9268029"
"219.4489122","238.9629387","219.2740201","30.81128624","0.04814074721","0.04814074721"
"167.079937","109.0113738","127.7436609","176.8868061","-30.09384829","329.9061517"
"150.790914","46.85756559","187.7595979","237.9676714","10.94817637","10.94817637"
"352.2295615","143.0066682","330.6134526","131.6865404","62.35942432","62.35942432"
"219.3805805","191.0464661","72.47327096","156.0224547","76.5904956","76.5904956"
"43.66885132","82.5568162","268.9015943","237.9700316","55.39387246","55.39387246"
"306.2840162","141.4638754","257.5131818","156.613852","-72.74332496","287.256675"
"247.0477832","156.6630896","193.9238203","168.3193849","-77.62445216","282.3755478"
"315.8685207","151.7236939","208.8858972","32.74413116","41.96086667","41.96086667"
"253.1632335","153.0195942","207.9226382","145.2677835","80.27699823","80.27699823"
"314.0859312","58.02401672","82.74567707","269.3367806","-47.59053614","312.4094639"
"354.423866","244.3805398","180.970324","159.4208826","63.90382451","63.90382451"
"164.5169081","215.0092774","202.1028623","261.2982461","39.07608499","39.07608499"
"243.3565407","219.4223171","357.5548336","219.7490159","89.83608855","89.83608855"
"369.5303974","82.72185613","232.9946382","99.28698246","-83.08243001","276.91757"
"282.5735495","159.6362794","359.7757927","36.43288957","-32.07225968","327.9277403"
"328.8227751","37.8983985","50.8249333","183.0090381","-62.43612681","297.5638732"
"320.9016102","127.1960718","30.59844753","194.3355508","-76.97794514","283.0220549"
"323.4742462","224.9138792","275.4247636","266.0411152","-49.43862245","310.5613775"
"192.4095305","206.7557002","46.5249165","159.7336623","72.13464963","72.13464963"
"159.3440856","264.6964175","207.8952726","169.2262034","-26.95552176","333.0444782"
"242.8654253","131.673357","160.536388","85.54337394","60.73754807","60.73754807"
"94.53130185","250.7239391","93.57053542","154.6403224","0.5728971118","0.5728971118"
"329.7727122","35.89293295","203.4895824","250.8421519","-30.43432763","329.5656724"
"328.7256598","55.3175464","30.1359467","50.78798998","89.13089919","89.13089919"
"89.70598761","119.0723561","204.6337151","57.68976037","-61.89344263","298.1065574"
"191.1014189","191.1624721","126.2837649","212.596659","-71.70175506","288.2982449"
"81.38442137","125.6969064","162.9283708","179.5111422","56.57752392","56.57752392"
"203.0598391","255.3626485","189.0647173","186.2421876","11.44618556","11.44618556"
"110.0355639","88.77874524","252.829633","96.792713","86.78778428","86.78778428"
"64.2667817","48.16614603","323.651718","116.8963594","75.15917536","75.15917536"
"32.43274835","43.99248778","237.6759018","212.4841417","50.61616833","50.61616833"
"148.2810331","216.3330139","70.47840319","183.9397037","67.3954802","67.3954802"
"210.9137227","168.1530955","266.3117126","214.9610459","49.80421218","49.80421218"
"57.41329363","241.2508226","46.12425268","218.575689","26.46687472","26.46687472"
"276.1476936","42.97814291","283.7671966","233.1127891","2.294857339","2.294857339"
"166.6412365","142.3840561","306.9246611","87.41236993","-68.60169479","291.3983052"
"233.917244","56.01367741","263.3536264","107.2453309","29.88056052","29.88056052"
"331.3444974","114.2676369","300.6861118","115.4918999","-87.71325676","272.2867432"
"151.2860728","269.113437","68.19551777","160.9534108","37.53214365","37.53214365"
"332.7862432","105.569447","231.2436639","65.24347188","68.34030772","68.34030772"
"126.8630933","233.3665568","216.813812","161.5918107","-51.41243958","308.5875604"
"164.691084","236.0487401","173.6328915","124.4587248","-4.581373046","355.418627"
"242.1386916","209.0416664","185.7815615","137.8833102","38.3790814","38.3790814"
"271.5496918","254.5734011","111.6468415","195.9363585","69.86180229","69.86180229"
"33.81436366","219.8765307","227.6341635","38.7131852","-46.93311685","313.0668832"
"138.5788846","240.526226","183.3572676","101.962752","-17.90883637","342.0911636"
"127.4885091","191.5645952","143.1354559","42.19913139","-5.980271793","354.0197282"
"90.30509469","242.4754425","329.2095957","205.0834032","-81.10454301","278.895457"
"101.8782039","191.9945589","331.7441566","212.3621943","84.93644097","84.93644097"
"291.8035225","121.2046599","38.52437721","138.2238133","-86.15577511","273.8442249"
"169.8901639","181.8584023","224.8220907","184.5816279","87.16191085","87.16191085"
"287.5632949","237.1390107","147.1903564","76.43443652","41.13670592","41.13670592"
"142.3084735","133.5789035","183.9671335","131.6656556","-87.37043745","272.6295626"
"318.1701599","181.6643547","107.113105","242.4094843","-73.94345216","286.0565478"
"234.707391","97.79151192","177.0940942","229.7329362","-23.58887942","336.4111206"
"206.4758271","173.3620601","338.2481806","80.26060048","-54.75754951","305.2424505"
"185.5548832","242.2694779","141.8420231","115.8485611","19.07397146","19.07397146"
"91.19164463","48.06964388","120.0225486","47.36061838","-88.59123452","271.4087655"
"79.53643352","209.3772039","227.9358581","194.9144061","-84.43361355","275.5663864"
"187.0019022","238.9747544","220.4166542","141.706562","-18.95924463","341.0407554"
"355.1542404","124.79638","144.7150508","157.849716","-81.07357609","278.9264239"
"162.9988477","111.4529987","189.2907321","150.2317112","34.13718698","34.13718698"
"38.95992607","251.0654478","228.6656747","121.534937","-55.67485695","304.325143"
"273.7197756","197.6161253","245.601658","248.6207764","-28.86730494","331.1326951"
"173.7383051","221.8257081","289.0225635","57.0022057","-34.97050574","325.0294943"
"154.1019086","126.8430386","175.4452","130.9968059","78.98693305","78.98693305"
"347.0170835","242.7504915","191.9721534","98.36149347","47.03812039","47.03812039"
"317.610673","118.9685667","365.4058516","252.6504693","19.67345145","19.67345145"
"345.9367987","267.8675764","279.3772131","202.1239818","45.35337207","45.35337207"
"368.5513524","173.1009822","171.1027389","233.8184513","-72.9068014","287.0931986"
"270.3424334","39.04254362","294.0149337","54.84555313","56.27418511","56.27418511"
"69.6161906","252.7758206","168.2429816","229.1847827","-76.54788436","283.4521156"
"297.5827852","254.1930826","166.8865543","85.03560215","37.69076907","37.69076907"
"315.0831987","131.6273445","178.6583283","236.8242218","-52.36427309","307.6357269"
"88.61686888","147.5237418","224.098571","180.4809437","76.32781714","76.32781714"
"261.367702","186.0170012","78.99010819","251.0265093","-70.3811079","289.6188921"
"368.3817537","202.6288732","211.0741359","160.6940868","75.07331358","75.07331358"
"268.9923067","73.89724567","328.7507482","93.88202913","71.50871906","71.50871906"
"335.7910087","95.38053503","144.4324192","41.03052392","74.14429774","74.14429774"
"44.20905508","103.1561206","257.8360722","117.469595","86.16678753","86.16678753"
"76.08456801","155.5198543","319.8397495","63.80380462","-69.3805395","290.6194605"
"291.7633845","257.0797518","273.165364","267.5124331","-60.70946878","299.2905312"
"125.4823913","179.9763663","304.6182447","174.8809522","-88.37069455","271.6293055"
"51.48133813","87.43337678","328.5197199","224.7566268","63.6331614","63.6331614"
"274.2083307","262.0724412","153.0869947","202.93696","63.97682454","63.97682454"
"115.8992474","213.7935237","270.9317605","245.1230545","78.57532289","78.57532289"
"107.0144194","132.6006232","200.761187","162.7066949","72.19596794","72.19596794"
"41.01134444","236.7114811","347.8115481","45.68718708","-58.09219558","301.9078044"
"332.4780843","133.7126184","299.9624772","141.8684604","-75.91908621","284.0809138"
"360.9210321","246.3478383","309.5970469","101.2969712","19.4855306","19.4855306"
"334.7562701","135.8014263","197.4786328","31.0463358","52.65313621","52.65313621"
"364.8428241","200.4369426","337.8774439","45.4450481","9.869491275","9.869491275"
"359.4164072","111.0149803","237.0925813","184.0014437","-59.17691054","300.8230895"
"193.1752874","137.6149884","145.0029361","56.91392016","30.83396323","30.83396323"
"82.73963636","163.3819635","242.5854027","95.31603691","-66.93460303","293.065397"
"221.4724382","54.82339029","61.07362554","57.50888568","-89.0408085","270.9591915"
"199.8863857","92.18074923","105.7701129","119.4319344","-73.85172881","286.1482712"
"196.8679282","269.9769825","302.3675432","151.4299919","-41.66713896","318.332861"
"318.9692578","198.3117554","258.8626358","210.2069773","-78.80569621","281.1943038"
"92.1998739","101.4106303","282.7567646","177.8081409","68.15330802","68.15330802"
"156.8980095","37.96470613","249.7344067","135.3728051","43.62340923","43.62340923"
"206.6553616","240.5862458","359.0704914","227.6883838","-85.1629697","274.8370303"
"229.41082","127.4762444","315.0715926","75.33540741","-58.67155255","301.3284474"
"87.67428266","79.70017996","181.853645","147.0825983","54.41745285","54.41745285"
"66.61631842","190.3728078","152.0050545","229.3290673","65.47646303","65.47646303"
"203.1579936","35.47692796","165.262483","229.1806493","-11.06933549","348.9306645"
"170.331178","93.35990466","239.2525832","141.4357858","55.10243646","55.10243646"
"313.3168448","267.6148295","31.21969912","60.70092931","53.74052822","53.74052822"
"218.2638875","262.3740968","39.17070143","180.5885976","65.45550329","65.45550329"
"91.92175473","236.8603698","92.26826967","167.7247003","-0.2871698103","359.7128302"
"269.4822154","201.4299213","121.3530486","177.3095533","80.75150675","80.75150675"
"83.02194591","84.07664338","60.22605031","31.99054224","23.63697264","23.63697264"
"76.48916269","93.29248913","244.6008016","149.2640022","71.58520618","71.58520618"
"233.6382555","107.235044","230.7244777","195.0728409","-1.899933555","358.1000664"
"231.5610507","178.1595","59.35776696","250.1636155","-67.30851792","292.6914821"
"329.3870844","266.0447423","130.5497719","259.4278332","88.09401412","88.09401412"
"112.7757811","159.4658396","258.2397328","203.2934038","73.23270744","73.23270744"
"68.84440464","200.7382676","50.49159356","165.0097863","27.18841143","27.18841143"
"191.4457637","48.30152799","73.34812302","101.8948706","-65.59119819","294.4088018"
"135.694217","227.9009964","182.8022636","209.8348122","-69.01791794","290.9820821"
"204.5972447","162.1814924","159.9587771","82.4797128","29.25182033","29.25182033"
"203.8574891","116.4637495","62.60177121","183.0477077","-64.76213335","295.2378666"
"199.8972183","231.1954226","165.2961207","71.29870272","12.21033893","12.21033893"
"49.96312586","184.118777","106.4157635","249.0250345","41.01532623","41.01532623"
"236.2750418","84.81956992","135.8833017","134.8199098","-63.52429308","296.4757069"
"236.3617923","210.2660313","49.85214958","268.8719794","-72.55598998","287.44401"
"180.7338759","124.5616374","118.9029505","57.10137944","42.50691881","42.50691881"