a,b,y
"0.7838745236","0.3365557921","0.5602151578"
"0.04746375896","0.07898888108","0.06322632002"
"0.6214337113","0.9960276946","0.808730703"
"0.208470525","0.04074218977","0.1246063574"
"0.008439643409","0.7930056176","0.4007226305"
"0.2191559545","0.5763733602","0.3977646573"
"0.8114074363","0.8021916229","0.8067995296"
"0.1830866623","0.597050134","0.3900683981"
"0.7197251057","0.5049058067","0.6123154562"
"0.4349350834","0.9892070317","0.7120710576"
"0.6094911542","0.9227566611","0.7661239077"
"0.220201475","0.6643367246","0.4422690998"
"0.5391902005","0.2395465172","0.3893683588"
"0.5675348163","0.3494729804","0.4585038983"
"0.1162838567","0.7099280908","0.4131059737"
"0.4934660601","0.6623280365","0.5778970483"
"0.3355831717","0.01545253447","0.1755178531"
"0.84892542","0.07922909969","0.4640772599"
"0.8662801133","0.2744305495","0.5703553314"
"0.685950636","0.4081838126","0.5470672243"
"0.2416617228","0.06431395269","0.1529878378"
"0.6174792788","0.2230058009","0.4202425398"
"0.7113511102","0.01257499785","0.361963054"
"0.6546573876","0.4374878112","0.5460725994"
"0.2685779744","0.4584143635","0.363496169"
"0.8419163827","0.23178676","0.5368515714"
"0.8232680848","0.1027937994","0.4630309421"
"0.3430202412","0.9577698001","0.6503950206"
"0.8050684675","0.4336168931","0.6193426803"
"0.6498439452","0.4079787681","0.5289113567"
"0.9388339039","0.5373483229","0.7380911134"
"0.2439120017","0.03663963114","0.1402758164"
"0.2192527216","0.9545690162","0.5869108689"
"0.3084297455","0.8639396267","0.5861846861"
"0.5424773415","0.7871398091","0.6648085753"
"0.2010315947","0.01040437712","0.1057179859"
"0.2427584673","0.8666393486","0.5546989079"
"0.1057269148","0.1210483377","0.1133876262"
"0.2837040463","0.5110312045","0.3973676254"
"0.1031447362","0.5140775263","0.3086111313"
"0.8100556285","0.05820094112","0.4341282848"
"0.36339279","0.2819649633","0.3226788767"
"0.5605869055","0.815813731","0.6882003182"
"0.07350410549","0.9799791129","0.5267416092"
"0.5502954696","0.4172268806","0.4837611751"
"0.3750221509","0.04564194191","0.2103320464"
"0.8655178858","0.448929032","0.6572234589"
"0.08587543968","0.9296640355","0.5077697376"
"0.1846144394","0.007766071533","0.09619025547"
"0.4090415435","0.7028127085","0.555927126"
"0.1857321577","0.9632839538","0.5745080558"
"0.5489485175","0.8927052449","0.7208268812"
"0.66877788","0.8147184787","0.7417481793"
"0.04108737591","0.6490976824","0.3450925292"
"0.4786547414","0.3319715321","0.4053131367"
"0.2925128853","0.3258974679","0.3092051766"
"0.03920106083","0.609430024","0.3243155424"
"0.9880177271","0.8835312834","0.9357745052"
"0.0009085323662","0.7104388556","0.355673694"
"0.5616303721","0.4777364536","0.5196834129"
"0.5698005723","0.973980304","0.7718904381"
"0.3041841261","0.4222282479","0.363206187"
"0.05986230466","0.04461811501","0.05224020984"
"0.07913711045","0.7455670405","0.4123520755"
"0.02779228344","0.2886361401","0.1582142117"
"0.270315775","0.550071162","0.4101934685"
"0.5778853868","0.005764818471","0.2918251026"
"0.9721604073","0.706583392","0.8393718997"
"0.5284661619","0.5347971162","0.5316316391"
"0.5563459337","0.3577154193","0.4570306765"
"0.7120156955","0.2962226314","0.5041191635"
"0.3749365742","0.6689030253","0.5219197998"
"0.7321330632","0.09485955517","0.4134963092"
"0.271736213","0.06687190204","0.1693040575"
"0.6555364868","0.715061769","0.6852991279"
"0.8180676244","0.2852257548","0.5516466896"
"0.9008516567","0.3407779352","0.620814796"
"0.3303310392","0.2337414071","0.2820362231"
"0.6629958462","0.4985138557","0.580754851"
"0.09345643725","0.4991275544","0.2962919958"
"0.6382083752","0.6947035583","0.6664559668"
"0.1515017656","0.03863935572","0.09507056064"
"0.2864931322","0.357352734","0.3219229331"
"0.1445115856","0.8528284842","0.4986700349"
"0.9723372233","0.01793225398","0.4951347386"
"0.09531566831","0.5192632131","0.3072894407"
"0.7885939769","0.3218480039","0.5552209904"
"0.6728139872","0.9753126859","0.8240633365"
"0.810530075","0.6384944923","0.7245122837"
"0.1866921289","0.7857188118","0.4862054704"
"0.7060263849","0.974643296","0.8403348404"
"0.5752902461","0.8909681149","0.7331291805"
"0.6932026629","0.06307260079","0.3781376318"
"0.621984612","0.967336387","0.7946604995"
"0.5783480085","0.9028894294","0.740618719"
"0.03003769956","0.6414517298","0.3357447147"
"0.2056448619","0.4355313905","0.3205881262"
"0.2711539654","0.8844707642","0.5778123648"
"0.9270644603","0.2331876097","0.580126035"
"0.0342992223","0.5972758746","0.3157875485"
"0.3678985508","0.1022003565","0.2350494537"
"0.8896745991","0.2128942729","0.551284436"
"0.673217611","0.9263757987","0.7997967048"
"0.4646860108","0.7506503112","0.607668161"
"0.8162699053","0.223146684","0.5197082947"
"0.0365421396","0.2140553059","0.1252987227"
"0.3152516483","0.1039168106","0.2095842294"
"0.277599208","0.2274031213","0.2525011646"
"0.6143976264","0.2290304536","0.42171404"
"0.7582274764","0.941389081","0.8498082787"
"0.3540036629","0.05362397151","0.2038138172"
"0.2969022245","0.2333432643","0.2651227444"
"0.08746183484","0.06473423993","0.07609803739"
"0.943148698","0.2010314775","0.5720900877"
"0.6479550712","0.7196864408","0.683820756"
"0.1462473144","0.6592162161","0.4027317652"
"0.1600332744","0.5838117503","0.3719225124"
"0.877209022","0.4447010629","0.6609550424"
"0.6094186359","0.4204328945","0.5149257652"
"0.2750616068","0.608443621","0.4417526139"
"0.2962259902","0.1619008497","0.2290634199"
"0.9381755023","0.2031778","0.5706766512"
"0.4111253379","0.2569988649","0.3340621014"
"0.7000490683","0.1831263601","0.4415877142"
"0.2902308732","0.5825987449","0.4364148091"
"0.5551495919","0.6307220158","0.5929358039"
"0.6627142095","0.1770396524","0.419876931"
"0.03816703928","0.9663300618","0.5022485505"
"0.835971638","0.5158975701","0.675934604"
"0.5291072481","0.2239401952","0.3765237216"
"0.3379174548","0.939857054","0.6388872544"
"0.6423867767","0.7724610118","0.7074238942"
"0.01653854382","0.457131519","0.2368350314"
"0.5614632555","0.8030192531","0.6822412543"
"0.08577208442","0.2927850807","0.1892785826"
"0.1681495304","0.4025789068","0.2853642186"
"0.5972197327","0.8234869977","0.7103533652"
"0.3698404135","0.3989137836","0.3843770985"
"0.4429783726","0.5134060317","0.4781922021"
"0.6962811489","0.3377831796","0.5170321642"
"0.2803634843","0.01547958319","0.1479215338"
"0.0837011049","0.7769865105","0.4303438077"
"0.8795646801","0.09814506343","0.4888548717"
"0.6172296351","0.5313470822","0.5742883586"
"0.8859693671","0.6424029768","0.764186172"
"0.7072252666","0.9457643237","0.8264947951"
"0.056307106","0.785018055","0.4206625805"
"0.8418417429","0.7190645423","0.7804531426"
"0.758820016","0.7836063877","0.7712132018"
"0.3127955337","0.1488878887","0.2308417112"
"0.1498913948","0.2867837173","0.218337556"
"0.5454962827","0.9573120869","0.7514041848"
"0.5711291403","0.1115588138","0.341343977"
"0.285676362","0.5189961478","0.4023362549"
"0.6105939602","0.08047801036","0.3455359853"
"0.5752631044","0.4196188799","0.4974409922"
"0.08909591837","0.9380101626","0.5135530405"
"0.3789513298","0.7842010278","0.5815761788"
"0.2572973155","0.3502849515","0.3037911335"
"0.8538590426","0.8350754624","0.8444672525"
"0.4024196997","0.761160089","0.5817898943"
"0.5575083361","0.1609723201","0.3592403281"
"0.1859450775","0.7129250442","0.4494350608"
"0.5995223521","0.3357021023","0.4676122272"
"0.5777427715","0.6895980526","0.633670412"
"0.6108401138","0.8416659471","0.7262530304"
"0.5700800316","0.6682183892","0.6191492104"
"0.9475302593","0.8949358424","0.9212330509"
"0.6901537375","0.1978787263","0.4440162319"
"0.2966529606","0.2905936429","0.2936233018"
"0.06589827982","0.8122069319","0.4390526059"
"0.6069347118","0.9856848729","0.7963097923"
"0.7112971276","0.02894903843","0.370123083"
"0.3407540966","0.8994456796","0.6200998881"
"0.19929127","0.7261960712","0.4627436706"
"0.5151931682","0.5639378403","0.5395655043"
"0.7882997955","0.7002442863","0.7442720409"
"0.9634138085","0.4210424518","0.6922281302"
"0.8086368595","0.112303123","0.4604699913"
"0.06372343186","0.9927043916","0.5282139117"
"0.03463835645","0.993122634","0.5138804952"
"0.7283757394","0.9998049049","0.8640903221"
"0.3446393258","0.1845760702","0.264607698"
"0.3590122831","0.06110315446","0.2100577188"
"0.07223574708","0.009408732404","0.04082223974"
"0.4179148288","0.5479977127","0.4829562707"
"0.5873073612","0.5444730468","0.565890204"
"0.1567597546","0.8247012972","0.4907305259"
"0.2134895937","0.8641688421","0.5388292179"
"0.3258192355","0.6787130729","0.5022661542"
"0.130198596","0.7704693703","0.4503339831"
"0.5606423525","0.5957499951","0.5781961738"
"0.3525987225","0.8504410607","0.6015198916"
"0.8298989068","0.3997275649","0.6148132359"
"0.8033473882","0.7337855949","0.7685664915"
"0.3126298459","0.04574820017","0.179189023"
"0.3474680895","0.9594964402","0.6534822649"
"0.3566002743","0.2967778283","0.3266890513"
"0.0588325703","0.2157062651","0.1372694177"
"0.5183921537","0.04780708566","0.2830996197"
"0.9166373522","0.969307872","0.9429726121"
"0.8825328788","0.9904654725","0.9364991757"
"0.2267302748","0.7466864173","0.4867083461"
"0.9491843957","0.5825757987","0.7658800972"
"0.8500909167","0.9242551027","0.8871730097"
"0.9311903533","0.2379154744","0.5845529139"
"0.4642364302","0.7134183682","0.5888273992"
"0.6406991745","0.7590287056","0.6998639401"
"0.6384727888","0.7206963732","0.679584581"
"0.6178750403","0.1684763576","0.393175699"
"0.1670322473","0.6872588815","0.4271455644"
"0.3697276338","0.760203262","0.5649654479"
"0.4621427328","0.6858880491","0.5740153909"
"0.6718116019","0.7921644419","0.7319880219"
"0.589505439","0.6158926772","0.6026990581"
"0.7310716849","0.3140166952","0.5225441901"
"0.8496745102","0.4918357005","0.6707551054"
"0.5216617134","0.1002189458","0.3109403296"
"0.429228624","0.9898351877","0.7095319059"
"0.9600015562","0.1105785711","0.5352900636"
"0.2148114122","0.4810113894","0.3479114008"
"0.4691288806","0.7890480172","0.6290884489"
"0.1711355948","0.3463538369","0.2587447159"
"0.3496544481","0.4399558794","0.3948051638"
"0.9115575047","0.4974733419","0.7045154233"
"0.6950685181","0.8820106019","0.78853956"
"0.05812537093","0.5056138427","0.2818696068"
"0.09812184569","0.2081355682","0.1531287069"
"0.4089981902","0.6147763716","0.5118872809"
"0.3434948143","0.2978927062","0.3206937602"
"0.6573625569","0.7473308842","0.7023467205"
"0.6865738944","0.4039692725","0.5452715835"
"0.6806067293","0.7311621715","0.7058844504"
"0.2111034263","0.7206006826","0.4658520545"
"0.1253320938","0.730939768","0.4281359309"
"0.4376217968","0.03617366686","0.2368977318"
"0.9272081287","0.8628706789","0.8950394038"
"0.6334044267","0.9615083902","0.7974564084"
"0.4397452505","0.3382646903","0.3890049704"
"0.732219703","0.5369988713","0.6346092872"
"0.3084354356","0.1080152234","0.2082253295"
"0.003287192275","0.3740590058","0.1886730991"
"0.06268277549","0.7749031775","0.4187929765"
"0.4737602875","0.6379666387","0.5558634631"
"0.4444276873","0.6763153623","0.5603715248"
"0.9838155631","0.7796364791","0.8817260211"
"0.7269003483","0.2050124337","0.465956391"
"0.7796184116","0.7631188983","0.7713686549"
"0.06768323095","0.08408362167","0.07588342631"
"0.8842775592","0.7943854122","0.8393314857"
"0.2960104808","0.9139135671","0.604962024"
"0.5532502353","0.05650655368","0.3048783945"
"0.3543950664","0.5992130587","0.4768040626"
"0.8569911509","0.4085725399","0.6327818454"
"0.9392938751","0.4939051915","0.7165995333"
"0.5440556196","0.2631871465","0.4036213831"
"0.1452605361","0.287514576","0.216387556"
"0.542093768","0.1632468593","0.3526703136"
"0.1831825394","0.830905169","0.5070438542"
"0.737563693","0.8167893289","0.7771765109"
"0.4776700994","0.5596046212","0.5186373603"
"0.5385197891","0.2933694019","0.4159445955"
"0.7539961866","0.7330151419","0.7435056643"
"0.4351031132","0.65174113","0.5434221216"
"0.5943453599","0.9466451814","0.7704952707"
"0.6115972529","0.7622481238","0.6869226883"
"0.5103018547","0.8868297729","0.6985658138"
"0.1799698183","0.4545479105","0.3172588644"
"0.8679095776","0.9435894625","0.9057495201"
"0.8611707105","0.199026944","0.5300988273"
"0.1783065627","0.4532883219","0.3157974423"
"0.7662068287","0.2960450582","0.5311259435"
"0.8865387178","0.1501886867","0.5183637022"
"0.1688849835","0.3691424244","0.2690137039"
"0.04998125951","0.02209364504","0.03603745228"
"0.9264620904","0.8453396394","0.8859008649"
"0.2827544477","0.6128665238","0.4478104857"
"0.1192395991","0.9570752267","0.5381574129"
"0.2811537166","0.8321995292","0.5566766229"
"0.9369922002","0.6561939707","0.7965930855"
"0.7555852158","0.2246692429","0.4901272294"
"0.2462517484","0.1213883296","0.183820039"
"0.9355968574","0.1355943985","0.5355956279"
"0.3007308512","0.3378936403","0.3193122458"
"0.1357350881","0.2758519048","0.2057934964"
"0.8960412249","0.4939567341","0.6949989795"
"0.4611784245","0.3325853962","0.3968819104"
"0.8734430674","0.7751810904","0.8243120789"
"0.2740645404","0.7642613294","0.5191629349"
"0.2153773531","0.03845908016","0.1269182166"
"0.8554264416","0.03901422234","0.447220332"
"0.2833374757","0.9456249704","0.6144812231"
"0.995600826","0.8725293174","0.9340650717"
"0.7772054014","0.4576142051","0.6174098032"
"0.3804045083","0.5593117557","0.469858132"
"0.2611102942","0.2978351257","0.2794727099"
"0.3544605762","0.09819035272","0.2263254645"
"0.1363952318","0.6443105615","0.3903528967"
"0.3205795813","0.334025749","0.3273026651"
"0.5452466902","0.100221241","0.3227339656"
"0.9494801042","0.8831898214","0.9163349628"
"0.172432473","0.008690389303","0.09056143116"
"0.9424044296","0.8064320613","0.8744182454"
"0.3565064621","0.6475330646","0.5020197634"
"0.1160142266","0.2308505479","0.1734323872"
"0.4204988241","0.381414212","0.400956518"
"0.510625398","0.810066752","0.660346075"
"0.04587263561","0.7212085146","0.3835405751"
"0.3962774221","0.7212167894","0.5587471058"
"0.7183643537","0.5927457545","0.6555550541"
"0.9438658691","0.01749250051","0.4806791848"
"0.4118428703","0.2395954979","0.3257191841"
"0.8087659976","0.5397962382","0.6742811179"
"0.4037415818","0.7577611709","0.5807513764"
"0.450824347","0.2103399146","0.3305821308"
"0.3557957958","0.6054022741","0.4805990349"
"0.08671334743","0.6200727167","0.353393032"
"0.9852276298","0.7599005627","0.8725640963"
"0.2784653028","0.1316404064","0.2050528546"
"0.9982650334","0.8602699169","0.9292674752"
"0.2361950074","0.7667630533","0.5014790304"
"0.6796870865","0.4182438994","0.5489654929"
"0.5248702577","0.4636940337","0.4942821457"
"0.1143062334","0.3901499449","0.2522280892"
"0.4764138503","0.6746438731","0.5755288617"
"0.4599049795","0.3483074979","0.4041062387"
"0.8219550316","0.03819231201","0.4300736718"
"0.7627429929","0.5902089418","0.6764759673"
"0.8678602218","0.08687510827","0.477367665"
"0.2885657434","0.5818213166","0.43519353"
"0.5770489102","0.7300426548","0.6535457825"
"0.2819299781","0.5942712066","0.4381005923"
"0.7084552489","0.9470990056","0.8277771272"
"0.02809086252","0.5978611212","0.3129759918"
"0.3773698172","0.6123173694","0.4948435933"
"0.4037725953","0.9013493796","0.6525609874"
"0.08345056936","0.2911944979","0.1873225336"
"0.1105937522","0.535874155","0.3232339536"
"0.1077192606","0.8569768054","0.482348033"
"0.0980943423","0.4906022853","0.2943483138"
"0.7917708017","0.7974187201","0.7945947609"
"0.4281881119","0.0105504028","0.2193692574"
"0.3092594103","0.5544931686","0.4318762894"
"0.9010442091","0.8060982106","0.8535712099"
"0.2396498207","0.3677692515","0.3037095361"
"0.06111119915","0.1291562256","0.09513371237"
"0.3160238821","0.09522751864","0.2056257004"
"0.9040888706","0.8140504843","0.8590696774"
"0.791825631","0.8487511923","0.8202884117"
"0.3996014212","0.0238605261","0.2117309736"
"0.7458531893","0.006389402361","0.3761212958"
"0.2842347733","0.1877322468","0.23598351"
"0.5012228466","0.01633622796","0.2587795373"
"0.9351950378","0.454748335","0.6949716864"
"0.9937343421","0.1706349868","0.5821846645"
"0.2414778682","0.5590651966","0.4002715324"
"0.09996575194","0.247751024","0.173858388"
"0.4980840504","0.8136302937","0.6558571721"
"0.4780632641","0.1658362429","0.3219497535"
"0.4760797899","0.6909171923","0.5834984911"
"0.6277291166","0.8818348354","0.754781976"
"0.9994036039","0.164420762","0.5819121829"
"0.524138429","0.06028011641","0.2922092727"
"0.886120729","0.37043177","0.6282762495"
"0.09784771929","0.1300571985","0.1139524589"
"0.800793977","0.7927713685","0.7967826727"
"0.9342319871","0.3735333584","0.6538826728"
"0.9948812823","0.8012526507","0.8980669665"
"0.1572700331","0.5418882572","0.3495791451"
"0.6783085697","0.1058107426","0.3920596562"
"0.4898748839","0.07043507975","0.2801549818"
"0.7279565998","0.2812942655","0.5046254327"
"0.7833551372","0.4510663486","0.6172107429"
"0.9737159262","0.6222554936","0.7979857099"
"0.8595306211","0.394155907","0.626843264"
"0.5516080989","0.9927493981","0.7721787485"
"0.6786762355","0.5334079871","0.6060421113"
"0.93347083","0.2238211345","0.5786459822"
"0.6436222158","0.06398880624","0.353805511"
"0.6567093686","0.8023135473","0.729511458"
"0.1744082524","0.5921579691","0.3832831108"
"0.424105112","0.8007761997","0.6124406559"
"0.5789149482","0.864513713","0.7217143306"
"0.8267446062","0.07214474182","0.449444674"
"0.1335408818","0.9534783907","0.5435096362"
"0.1825164845","0.9176465221","0.5500815033"
"0.2455477988","0.9350039855","0.5902758921"
"0.8636692673","0.6158667833","0.7397680253"
"0.5570726758","0.4025270495","0.4797998627"
"0.5106094298","0.1494908387","0.3300501342"
"0.9725442964","0.131420044","0.5519821702"
"0.9620443831","0.09896277026","0.5305035767"
"0.339505631","0.4196770754","0.3795913532"
"0.8559691322","0.2948329712","0.5754010517"
"0.02142346467","0.6780614884","0.3497424765"
"0.2197075027","0.3791948446","0.2994511736"
"0.8943740107","0.5867814365","0.7405777236"
"0.03372604146","0.7582496662","0.3959878538"
"0.5425702652","0.9519259024","0.7472480838"
"0.5523447139","0.5102254094","0.5312850617"
"0.1762051478","0.4249877032","0.3005964255"
"0.9394948312","0.01377779088","0.476636311"
"0.2453138117","0.6500488601","0.4476813359"
"0.639679885","0.3904036031","0.5150417441"
"0.9622238897","0.5984591415","0.7803415156"
"0.4792486567","0.2097178373","0.344483247"
"0.200201247","0.778576542","0.4893888945"
"0.1725985881","0.328720548","0.2506595681"
"0.1252766212","0.3724612598","0.2488689405"
"0.09921572145","0.6560754887","0.3776456051"
"0.7007435555","0.8720486795","0.7863961175"
"0.593376114","0.1212254284","0.3573007712"
"0.02886448864","0.4496226126","0.2392435506"
"0.7373617855","0.1477967605","0.442579273"
"0.651949124","0.6023459958","0.6271475599"
"0.7252801176","0.5837336009","0.6545068592"
"0.1058404237","0.8247821836","0.4653113036"
"0.2377490591","0.8201160772","0.5289325681"
"0.5242500307","0.4689834315","0.4966167311"
"0.1731704307","0.8704473667","0.5218088987"
"0.1442370264","0.09668568438","0.1204613554"
"0.2700382869","0.506751113","0.3883947"
"0.5139643021","0.5759061837","0.5449352429"
"0.1433196683","0.3231486168","0.2332341425"
"0.796858307","0.7538954042","0.7753768556"
"0.5786273106","0.3773421624","0.4779847365"
"0.1852274887","0.5946729181","0.3899502034"
"0.3785303765","0.04191189418","0.2102211353"
"0.3556809258","0.3126299056","0.3341554157"
"0.9493963057","0.9674474806","0.9584218932"
"0.5333654118","0.8898866486","0.7116260302"
"0.2337252505","0.8458254566","0.5397753536"
"0.8877751488","0.8258507777","0.8568129632"
"0.6267559869","0.5825709208","0.6046634539"
"0.105968743","0.4399604438","0.2729645934"
"0.527539675","0.8009968696","0.6642682723"
"0.41637","0.2057661141","0.3110680571"
"0.03967201556","0.457111214","0.2483916148"
"0.5454698882","0.6247815093","0.5851256987"
"0.697045967","0.03315888627","0.3651024266"
"0.9488507573","0.00602104905","0.4774359032"
"0.6025652625","0.9797873423","0.7911763024"
"0.6758110377","0.1715643015","0.4236876696"
"0.9555915063","0.11348042","0.5345359632"
"0.8028913476","0.7951978029","0.7990445753"
"0.04546418037","0.7590075914","0.4022358859"
"0.04583164803","0.5511592266","0.2984954373"
"0.6078340379","0.9087261488","0.7582800934"
"0.862587831","0.01984947867","0.4412186548"
"0.1975117825","0.2948147947","0.2461632886"
"0.6632923527","0.8993103548","0.7813013537"
"0.4114084071","0.4206977814","0.4160530942"
"0.1083738678","0.3031422129","0.2057580403"
"0.3989071686","0.5484534552","0.4736803119"
"0.5059921895","0.1008322546","0.303412222"
"0.8912618235","0.8049291509","0.8480954872"
"0.007662350294","0.4542837039","0.2309730271"
"0.7485867098","0.7562693697","0.7524280397"
"0.2802237647","0.01940241325","0.149813089"
"0.8105451177","0.454895447","0.6327202824"
"0.1275721731","0.07426576425","0.1009189687"
"0.2084282293","0.4215657486","0.3149969889"
"0.8118512935","0.9816421803","0.8967467369"
"0.5810495936","0.7655375357","0.6732935646"
"0.6367626371","0.5350517408","0.5859071889"
"0.1794864096","0.5362042047","0.3578453071"
"0.4015849307","0.5313863246","0.4664856276"
"0.2565306464","0.9486896083","0.6026101273"
"0.2003123714","0.282189904","0.2412511377"
"0.5417456445","0.7331531405","0.6374493925"
"0.453563586","0.1585168359","0.306040211"
"0.8938607267","0.06303892038","0.4784498235"
"0.1397434585","0.8649365409","0.5023399997"
"0.3061020384","0.2518498184","0.2789759284"
"0.6951484431","0.1764642926","0.4358063679"
"0.4898056426","0.2425347252","0.3661701839"
"0.6297058773","0.8333233164","0.7315145969"
"0.965763707","0.3101568152","0.6379602611"
"0.3458672374","0.1734557688","0.2596615031"
"0.405320423","0.9597024294","0.6825114262"
"0.1335011054","0.6582053284","0.3958532169"
"0.3539841592","0.7198571537","0.5369206565"
"0.6647394888","0.4948154131","0.579777451"
"0.1746114587","0.0441087123","0.1093600855"
"0.2415376842","0.1281775967","0.1848576404"
"0.3160210708","0.3570470559","0.3365340633"
"0.4077511242","0.02710006864","0.2174255964"
"0.8628142632","0.09126185166","0.4770380575"
"0.5699762439","0.2563500508","0.4131631474"
"0.7854386714","0.4044489986","0.594943835"
"0.8610368496","0.1495789288","0.5053078892"
"0.6839871658","0.8435206733","0.7637539195"
"0.4012349382","0.5903214328","0.4957781855"
"0.9183484763","0.1195814357","0.518964956"
"0.2803664696","0.09454294568","0.1874547076"
"0.4202226919","0.1021248449","0.2611737684"
"0.3036901533","0.9602950562","0.6319926048"
"0.7839104695","0.2508866666","0.5173985681"
"0.7638219263","0.1151561277","0.439489027"
"0.2930306701","0.7382479165","0.5156392933"
"0.05482256655","0.1231307291","0.08897664785"
"0.7353922263","0.1233311799","0.4293617031"
"0.8120894891","0.7980372894","0.8050633892"
"0.3297477765","0.4110140461","0.3703809113"
"0.8102209902","0.4642282493","0.6372246197"
"0.9933109029","0.8456576891","0.919484296"
"0.08958156","0.5774876925","0.3335346263"
"0.9405803239","0.6717079249","0.8061441244"
"0.610271971","0.9044901151","0.757381043"
"0.1606595852","0.05338186209","0.1070207236"
"0.1896411091","0.009256474381","0.09944879172"
"0.3759887187","0.235946712","0.3059677154"
"0.9970263855","0.4262121433","0.7116192644"
"0.3599451581","0.09479087202","0.2273680151"
"0.5283711027","0.6439620156","0.5861665591"
"0.9694730947","0.3393720769","0.6544225858"
"0.7256487427","0.1796024426","0.4526255927"
"0.4327425895","0.5916145892","0.5121785893"
"0.8441700542","0.4037645777","0.623967316"
"0.5874218497","0.2574589043","0.422440377"
"0.2980182925","0.9607308752","0.6293745839"
"0.1746962708","0.8617052517","0.5182007612"
"0.1638441897","0.2106113676","0.1872277786"
"0.5055356937","0.2663270105","0.3859313521"
"0.3204663413","0.9620624086","0.641264375"
"0.8923760332","0.777974083","0.8351750581"
"0.5112056327","0.2403523991","0.3757790159"
"0.01044190511","0.5489806435","0.2797112743"
"0.4932966369","0.08832954824","0.2908130926"
"0.6631215695","0.2559989064","0.459560238"
"0.08035504593","0.5842517715","0.3323034087"
"0.3854648842","0.8101900164","0.5978274503"
"0.3766513275","0.8033506336","0.5900009806"
"0.5549864207","0.7121297165","0.6335580686"
"0.07338628338","0.2878953523","0.1806408178"
"0.5811204106","0.6532680835","0.617194247"
"0.9454478292","0.4275020506","0.6864749399"
"0.7211179653","0.5145838546","0.61785091"
"0.9110398472","0.7072230744","0.8091314608"
"0.7937531555","0.09328459788","0.4435188767"
"0.3455267283","0.04090436584","0.1932155471"
"0.7213877924","0.6619360701","0.6916619312"
"0.06487040057","0.872389686","0.4686300433"
"0.3798377257","0.933799107","0.6568184163"
"0.193814609","0.6639837091","0.428899159"
"0.6438123602","0.6665735099","0.655192935"
"0.3307835114","0.08238532941","0.2065844204"
"0.01881612345","0.1179827247","0.06839942409"
"0.2272198023","0.1849211522","0.2060704773"
"0.5992808062","0.8950987588","0.7471897825"
"0.9663353293","0.2668230955","0.6165792124"
"0.803944839","0.5800386707","0.6919917549"
"0.09814318418","0.5826049911","0.3403740876"
"0.945333507","0.4233288999","0.6843312035"
"0.7479777332","0.7460277342","0.7470027337"
"0.9884777313","0.5691196445","0.7787986879"
"0.6389001799","0.3540515483","0.4964758641"
"0.158211196","0.8004524023","0.4793317992"
"0.6694712921","0.8965360859","0.783003689"
"0.4436110821","0.8954797715","0.6695454268"
"0.9730140823","0.6968624583","0.8349382703"
"0.6171212272","0.9850695778","0.8010954025"
"0.6989768989","0.8863464547","0.7926616768"
"0.4949697405","0.05738776998","0.2761787552"
"0.438255041","0.920137393","0.679196217"
"0.6906440874","0.1152564072","0.4029502473"
"0.7398758654","0.08273039393","0.4113031296"
"0.6960143832","0.7473667864","0.7216905848"
"0.4044630275","0.7613632083","0.5829131179"
"0.4224297599","0.7054559608","0.5639428604"
"0.6991580576","0.9551475889","0.8271528233"
"0.2696015608","0.8076159452","0.538608753"
"0.7186071934","0.7721515815","0.7453793874"
"0.8018102543","0.3249151412","0.5633626977"
"0.3572558177","0.2967803757","0.3270180967"
"0.4030298054","0.3070070949","0.3550184502"
"0.6901979845","0.702299223","0.6962486037"
"0.07468100645","0.805549032","0.4401150192"
"0.554491104","0.3704313659","0.4624612349"
"0.3172566788","0.04583996187","0.1815483203"
"0.2420826025","0.8594959422","0.5507892724"
"0.8009805352","0.5515288029","0.6762546691"
"0.0618422335","0.1480042404","0.1049232369"
"0.04757296619","0.4595772536","0.2535751099"
"0.09481851176","0.7511076737","0.4229630927"
"0.3973241982","0.5785536711","0.4879389347"
"0.387525355","0.1575140982","0.2725197266"
"0.1708721594","0.589071053","0.3799716062"
"0.6272333182","0.9248130539","0.7760231861"
"0.7168246956","0.4976808307","0.6072527632"
"0.6859252665","0.5775506571","0.6317379618"
"0.293754538","0.5123302335","0.4030423857"
"0.3614440497","0.8164734753","0.5889587625"
"0.8128581172","0.7767520197","0.7948050685"
"0.8816990397","0.1263437811","0.5040214104"
"0.9760571444","0.3916682868","0.6838627156"
"0.8575224006","0.5864686631","0.7219955319"
"0.4095112151","0.2618687398","0.3356899774"
"0.09941480982","0.9810575926","0.5402362012"
"0.906001973","0.080109565","0.493055769"
"0.1711569061","0.3798305041","0.2754937051"
"0.7586722553","0.1220330048","0.44035263"
"0.4978777159","0.4326660113","0.4652718636"
"0.5660069034","0.05222122355","0.3091140635"
"0.9270767684","0.1808606179","0.5539686932"
"0.5022038005","0.09198388315","0.2970938418"
"0.648333226","0.2327391389","0.4405361824"
"0.3323047778","0.2770770895","0.3046909337"
"0.4916665564","0.4495174078","0.4705919821"
"0.8773630187","0.1314242841","0.5043936514"
"0.6670279733","0.6206960696","0.6438620215"
"0.9368683842","0.5348490638","0.735858724"
"0.6901144463","0.02471088217","0.3574126642"
"0.1046112469","0.3932471074","0.2489291771"
"0.4151465672","0.8335570751","0.6243518212"
"0.4867395776","0.5935601382","0.5401498579"
"0.006601446938","0.3587446822","0.1826730646"
"0.07918119414","0.69903288","0.3891070371"
"0.212932581","0.4949537259","0.3539431535"
"0.7837138113","0.6088227022","0.6962682568"
"0.2304523789","0.007496449792","0.1189744143"
"0.5512467821","0.5570060883","0.5541264352"
"0.6798403005","0.6561329318","0.6679866161"
"0.5164311991","0.08692474037","0.3016779697"
"0.06683429941","0.4425288445","0.254681572"
"0.8242671762","0.1258008167","0.4750339964"
"0.5088534746","0.4189167982","0.4638851364"
"0.007278419866","0.760415447","0.3838469334"
"0.3175009834","0.6741759679","0.4958384757"
"0.6270530768","0.4268006408","0.5269268588"
"0.2106459905","0.009057129742","0.1098515601"
"0.5881060799","0.765380854","0.676743467"
"0.855247545","0.8787502401","0.8669988926"
"0.2223299266","0.5384818257","0.3804058762"
"0.1220486592","0.8881498675","0.5050992633"
"0.3516185238","0.5808893623","0.4662539431"
"0.7651518694","0.208367778","0.4867598237"
"0.003049272801","0.468102554","0.2355759134"
"0.2633251127","0.9932512815","0.6282881971"
"0.9793941646","0.2936260045","0.6365100846"
"0.7063448634","0.2284905259","0.4674176946"
"0.7974260846","0.8892456819","0.8433358832"
"0.9500494019","0.475564352","0.7128068769"
"0.5828463122","0.8845229561","0.7336846341"
"0.7599647854","0.9761360116","0.8680503985"
"0.8546562327","0.958135807","0.9063960199"
"0.4179161875","0.3730401468","0.3954781672"
"0.01003563363","0.3992336745","0.2046346541"
"0.7721151646","0.4608064039","0.6164607842"
"0.01549535362","0.9773160472","0.4964057004"
"0.1026040354","0.4964661255","0.2995350805"
"0.8690975337","0.06058646388","0.4648419988"
"0.4750602139","0.5405407851","0.5078004995"
"0.8853561783","0.7621837104","0.8237699443"
"0.6318515645","0.434588979","0.5332202717"
"0.5981486031","0.6086923308","0.6034204669"
"0.4755552205","0.4970954054","0.486325313"
"0.9223086373","0.184048303","0.5531784701"
"0.03319424662","0.9910470106","0.5121206286"
"0.2718883969","0.4131715015","0.3425299492"
"0.5361237262","0.3071088552","0.4216162907"
"0.2283431965","0.5127890567","0.3705661266"
"0.1383501599","0.5543631639","0.3463566619"
"0.4767142077","0.1920017825","0.3343579951"
"0.4432574103","0.5602103186","0.5017338644"
"0.489484773","0.8628536883","0.6761692306"
"0.6740306866","0.8719763992","0.7730035429"
"0.5090177646","0.492780628","0.5008991963"
"0.1559284368","0.210380816","0.1831546264"
"0.9488206078","0.2582536411","0.6035371245"
"0.06899223024","0.4502659255","0.2596290779"
"0.3554350646","0.4447328535","0.400083959"
"0.858468406","0.8634784556","0.8609734308"
"0.5162327162","0.5753756951","0.5458042056"
"0.5784335753","0.3347491283","0.4565913518"
"0.3991710807","0.6735835863","0.5363773335"
"0.003781691346","0.1016913557","0.0527365235"
"0.1196015807","0.8968432577","0.5082224192"
"0.9293825524","0.33811053","0.6337465412"
"0.5631237448","0.6864566669","0.6247902059"
"0.4260255091","0.42478181","0.4254036596"
"0.1844746601","0.6153253433","0.3999000017"
"0.3245050533","0.8784460816","0.6014755674"
"0.6483822357","0.480246275","0.5643142553"
"0.1263024993","0.7483386027","0.437320551"
"0.6926692613","0.9631046723","0.8278869668"
"0.306808234","0.4660831728","0.3864457034"
"0.9557769912","0.6044498459","0.7801134186"
"0.3905765619","0.04085458843","0.2157155752"
"0.6150070682","0.5113812054","0.5631941368"
"0.6839989789","0.5345635458","0.6092812623"
"0.888509548","0.4182386465","0.6533740973"
"0.4859355692","0.6042988772","0.5451172232"
"0.6393525418","0.5827004346","0.6110264882"
"0.438797443","0.7498529584","0.5943252007"
"0.1254925985","0.8215817436","0.4735371711"
"0.2994898664","0.7069543697","0.503222118"
"0.02235548603","0.4505608256","0.2364581558"
"0.3102950478","0.1515677122","0.23093138"
"0.1278821189","0.3115280249","0.2197050719"
"0.9336085539","0.7626430787","0.8481258163"
"0.08177386327","0.662168228","0.3719710456"
"0.5214851248","0.4809849842","0.5012350545"
"0.1953843746","0.8172902348","0.5063373047"
"0.4518602233","0.01706280257","0.234461513"
"0.315979357","0.8134693945","0.5647243757"
"0.9493829859","0.8328304187","0.8911067023"
"0.02427296951","0.4015637458","0.2129183577"
"0.6819385975","0.7498110345","0.715874816"
"0.3882253331","0.6300106747","0.5091180039"
"0.8866923881","0.3313128884","0.6090026382"
"0.7356522711","0.5805519531","0.6581021121"
"0.2250175311","0.3297725928","0.2773950619"
"0.2454831766","0.2628322152","0.2541576959"
"0.4277632091","0.8756027382","0.6516829736"
"0.6403549725","0.7114596364","0.6759073044"
"0.595394348","0.07190004542","0.3336471967"
"0.4551290532","0.2955218994","0.3753254763"
"0.4266251462","0.1259272664","0.2762762063"
"0.5859634202","0.6237535581","0.6048584891"
"0.7199438537","0.7350166392","0.7274802465"
"0.4374905024","0.07671714014","0.2571038213"
"0.9211704525","0.8086821145","0.8649262835"
"0.5917959341","0.4292805129","0.5105382235"
"0.8638199541","0.6731237091","0.7684718316"
"0.648238423","0.6417573407","0.6449978818"
"0.8950989249","0.1074358923","0.5012674086"
"0.6193003116","0.2363699079","0.4278351097"
"0.417005751","0.1067956755","0.2619007133"
"0.9218364003","0.6678530745","0.7948447374"
"0.2580260996","0.3764297788","0.3172279392"
"0.7481492032","0.3143389077","0.5312440555"
"0.8757269653","0.7165975027","0.796162234"
"0.1257363078","0.6190527361","0.3723945219"
"0.9641957132","0.6641522605","0.8141739869"
"0.7324327618","0.1073559689","0.4198943654"
"0.7834075325","0.7770608792","0.7802342058"
"0.9947353585","0.4804510777","0.7375932181"
"0.2615260502","0.5667944516","0.4141602509"
"0.8966959199","0.3804083448","0.6385521324"
"0.3577606282","0.3476072716","0.3526839499"
"0.5158864542","0.2554986123","0.3856925333"
"0.1652590919","0.7448685704","0.4550638311"
"0.5981694695","0.6951579718","0.6466637207"
"0.02377199663","0.6159072322","0.3198396144"
"0.5165803033","0.7059340164","0.6112571598"
"0.3842699529","0.03099872967","0.2076343413"
"0.02939494251","0.3597591905","0.1945770665"
"0.09674676245","0.3495168767","0.2231318196"
"0.1718943052","0.6507768545","0.4113355799"
"0.09313417805","0.4328694251","0.2630018016"
"0.9645456836","0.9742507127","0.9693981981"
"0.4152550266","0.553234474","0.4842447503"
"0.9920294404","0.5089812175","0.750505329"
"0.1393381426","0.4925441547","0.3159411486"
"0.163097348","0.7019237775","0.4325105627"
"0.8107254312","0.8524711668","0.831598299"
"0.4766337237","0.6697650531","0.5731993884"
"0.5025582859","0.401842521","0.4522004035"
"0.536103202","0.437106845","0.4866050235"
"0.9185999546","0.8270313796","0.8728156671"
"0.03003661012","0.7052943964","0.3676655033"
"0.081722713","0.993191549","0.537457131"
"0.8531808985","0.1110966576","0.4821387781"
"0.9853776127","0.5050507328","0.7452141727"
"0.91989544","0.4023153137","0.6611053769"
"0.1756088042","0.2263425785","0.2009756913"
"0.722418743","0.4805046203","0.6014616817"
"0.006538133246","0.4934398081","0.2499889707"
"0.03148210984","0.082490824","0.05698646692"
"0.3440187282","0.0735726087","0.2087956685"
"0.8107615687","0.8760762121","0.8434188904"
"0.7422513635","0.7690345256","0.7556429445"
"0.9208139062","0.7056136544","0.8132137803"
"0.6891144364","0.7694646637","0.7292895501"
"0.789037333","0.5550802592","0.6720587961"
"0.9009420359","0.983755022","0.942348529"
"0.20205965","0.8055304024","0.5037950262"
"0.9802820708","0.2360890628","0.6081855668"
"0.283637682","0.4966543172","0.3901459996"
"0.05519331497","0.2474265942","0.1513099546"
"0.6181285713","0.3955260999","0.5068273356"
"0.4609359846","0.1203833374","0.290659661"
"0.195966535","0.7070310896","0.4514988123"
"0.6601370192","0.7435179709","0.7018274951"
"0.2380758984","0.5980825619","0.4180792302"
"0.6219598629","0.2877558141","0.4548578385"
"0.1111233429","0.3603597789","0.2357415609"
"0.8813922095","0.2059033033","0.5436477564"
"0.1009358515","0.9033380236","0.5021369375"
"0.7040232622","0.8044137288","0.7542184955"
"0.1588880361","0.3908759851","0.2748820106"
"0.8077779577","0.2388564332","0.5233171955"
"0.2828190311","0.6412393417","0.4620291864"
"0.1997999965","0.410644005","0.3052220007"
"0.6129273159","0.4734620344","0.5431946752"
"0.02344031017","0.6978371267","0.3606387184"
"0.8025881158","0.4642925413","0.6334403285"
"0.1671537569","0.238250755","0.202702256"
"0.7182427833","0.682179083","0.7002109331"
"0.4446971445","0.8652306139","0.6549638792"
"0.001152110944","0.3809809633","0.1910665371"
"0.7356460286","0.05758058062","0.3966133046"
"0.7222334045","0.5001415413","0.6111874729"
"0.7888193097","0.9530534461","0.8709363779"
"0.0303958183","0.1543348266","0.09236532242"
"0.7912600098","0.6530430382","0.722151524"
"0.8513459243","0.2691430839","0.5602445041"
"0.0351296455","0.5437400842","0.2894348649"
"0.869988167","0.6858000731","0.77789412"
"0.4580233287","0.02076038921","0.239391859"
"0.02313896599","0.6137327036","0.3184358348"
"0.7632166376","0.9404764585","0.851846548"
"0.8537892546","0.3414678478","0.5976285512"
"0.6602514739","0.9579572408","0.8091043574"
"0.4126876617","0.851978568","0.6323331149"
"0.3087222412","0.04014780264","0.1744350219"
"0.03230258109","0.04589093873","0.03909675991"
"0.7454231605","0.2709270717","0.5081751161"
"0.6026073534","0.9139459578","0.7582766556"
"0.264078696","0.2648204485","0.2644495722"
"0.8235958272","0.3681265226","0.5958611749"
"0.8752372442","0.266889618","0.5710634311"
"0.9375765675","0.8289553224","0.8832659449"
"0.9697324031","0.2917777231","0.6307550631"
"0.3123394356","0.7553098154","0.5338246255"
"0.6511907554","0.4147791604","0.5329849579"
"0.8770909596","0.4139749493","0.6455329544"
"0.2908071536","0.8074828517","0.5491450026"
"0.2450895445","0.5309759462","0.3880327454"
"0.2310559201","0.06098069436","0.1460183072"
"0.5942813237","0.3980420945","0.4961617091"
"0.1548234909","0.2774422445","0.2161328677"
"0.2396679458","0.2685127576","0.2540903517"
"0.01392353173","0.8682574381","0.4410904849"
"0.8039807795","0.8513954597","0.8276881196"
"0.03800443294","0.7717950581","0.4048997455"
"0.9774684058","0.6745402947","0.8260043503"
"0.8240189275","0.2095893932","0.5168041604"
"0.8198272071","0.4530409809","0.636434094"
"0.8308622543","0.215555611","0.5232089326"
"0.1797452495","0.172677175","0.1762112122"
"0.4072859706","0.09336993945","0.250327955"
"0.1380389952","0.8267618137","0.4824004045"
"0.2881749755","0.04278753894","0.1654812572"
"0.9824166582","0.9650685296","0.9737425939"
"0.9697733893","0.3223829659","0.6460781776"
"0.4246037514","0.9031226647","0.6638632081"
"0.5741251882","0.1255896759","0.3498574321"
"0.9186418039","0.467213207","0.6929275054"
"0.4331471018","0.4962108175","0.4646789597"
"0.6429706566","0.02380751001","0.3333890833"
"0.2502881287","0.02162529813","0.1359567134"
"0.09440739226","0.6610431978","0.377725295"
"0.06019086347","0.1551987737","0.1076948186"
"0.2009395703","0.2946688245","0.2478041974"
"0.4223196558","0.03802815918","0.2301739075"
"0.299585581","0.09187143036","0.1957285057"
"0.1119471037","0.8338292119","0.4728881578"
"0.41829073","0.5151558989","0.4667233145"
"0.6606091879","0.3448699407","0.5027395643"
"0.7354023942","0.9467384921","0.8410704432"
"0.2381882984","0.04233445627","0.1402613774"
"0.3208007977","0.8643278741","0.5925643359"
"0.7408264089","0.3879756403","0.5644010246"
"0.7589814377","0.8948529222","0.8269171799"
"0.3741990662","0.227604587","0.3009018266"
"0.7516429539","0.4074476305","0.5795452922"
"0.2122048163","0.1487247402","0.1804647782"
"0.546605132","0.1452337994","0.3459194657"
"0.01938725004","0.5779223974","0.2986548237"
"0.05776923863","0.4021903339","0.2299797863"
"0.2945693231","0.3775777078","0.3360735154"
"0.8595617406","0.4823280215","0.670944881"
"0.9070323545","0.1307846094","0.5189084819"
"0.1567264088","0.3297905697","0.2432584892"
"0.6295288335","0.7884188693","0.7089738514"
"0.1599230697","0.8772893689","0.5186062193"
"0.2395178511","0.01904505856","0.1292814548"
"0.6184565628","0.5539901814","0.5862233721"
"0.9669190461","0.3424083057","0.6546636759"
"0.1683246282","0.6407700585","0.4045473433"
"0.8596836452","0.8478418173","0.8537627313"
"0.5069864859","0.5194389234","0.5132127046"
"0.9544950339","0.1728869614","0.5636909976"
"0.5817959559","0.982489637","0.7821427965"
"0.9564735541","0.1332471894","0.5448603718"
"0.1185109077","0.4412381582","0.2798745329"
"0.8170363971","0.406980631","0.612008514"
"0.07691620784","0.2735102659","0.1752132369"
"0.16184199","0.4533055458","0.3075737679"
"0.4252260051","0.5086075518","0.4669167785"
"0.8604429882","0.1249003671","0.4926716776"
"0.9120458849","0.2690612656","0.5905535753"
"0.1859230586","0.4631012986","0.3245121786"
"0.9883718449","0.7281936139","0.8582827294"
"0.4170621039","0.9645378078","0.6907999558"
"0.4121126895","0.04292015067","0.2275164201"
"0.4587541645","0.2077249807","0.3332395726"
"0.3392931598","0.6663277552","0.5028104575"
"0.06040312635","0.4268063262","0.2436047263"
"0.3704057091","0.4087713615","0.3895885353"
"0.5993856129","0.230482639","0.4149341259"
"0.3439302168","0.514580917","0.4292555669"
"0.6605588732","0.7662795981","0.7134192356"
"0.9340589989","0.1596275031","0.546843251"
"0.9169964578","0.8184200507","0.8677082543"
"0.8640023595","0.09925079906","0.4816265793"
"0.1260674178","0.4620313672","0.2940493925"
"0.8533818488","0.5433128834","0.6983473661"
"0.563675946","0.3532097873","0.4584428666"
"0.1072490294","0.682956631","0.3951028302"
"0.4836121945","0.6551814982","0.5693968464"
"0.06991992547","0.01017235814","0.04004614181"
"0.4048192999","0.1426759193","0.2737476096"
"0.4194441633","0.6653055788","0.542374871"
"0.2838718657","0.6125049973","0.4481884315"
"0.4941077997","0.4185828453","0.4563453225"
"0.1506250429","0.2967073463","0.2236661946"
"0.9125016028","0.5796340911","0.746067847"
"0.1899961475","0.229562192","0.2097791698"
"0.4806000864","0.5645092575","0.522554672"
"0.8009708167","0.1810378228","0.4910043197"
"0.2458407251","0.1041163689","0.174978547"
"0.004597110863","0.8221600633","0.4133785871"
"0.9478447367","0.1132599279","0.5305523323"
"0.9959830839","0.7333467976","0.8646649408"
"0.08228317133","0.1580711248","0.1201771481"
"0.3218102788","0.9715558669","0.6466830728"
"0.3081890971","0.7547617332","0.5314754151"
"0.4359056877","0.4583620678","0.4471338777"
"0.2251027428","0.5380872134","0.3815949781"
"0.4528932475","0.9866661515","0.7197796995"
"0.3757852231","0.6780877095","0.5269364663"
"0.1364108006","0.2321217883","0.1842662945"
"0.2094525012","0.9636274101","0.5865399557"
"0.2669940339","0.6256456528","0.4463198433"
"0.2017880434","0.2666357697","0.2342119066"
"0.9192854469","0.1402796751","0.529782561"
"0.1692445189","0.8480589089","0.5086517139"
"0.1131353342","0.07955202663","0.09634368042"
"0.3498164148","0.2522695848","0.3010429998"
"0.2034652917","0.4513142279","0.3273897598"
"0.1296592633","0.5885979075","0.3591285854"
"0.04512475889","0.8624142367","0.4537694978"
"0.4693734304","0.4348979207","0.4521356755"
"0.8576766554","0.4827289513","0.6702028034"
"0.4858130123","0.6774451904","0.5816291013"
"0.1580155761","0.1748735297","0.1664445529"
"0.1508990621","0.4733819342","0.3121404981"
"0.6034870218","0.5568073245","0.5801471732"
"0.3197138543","0.4764281807","0.3980710175"
"0.9629058238","0.512668024","0.7377869239"
"0.9533551415","0.1843248292","0.5688399853"
"0.2163529442","0.4622130361","0.3392829902"
"0.3804873768","0.06875406325","0.22462072"
"0.3762787568","0.7765830478","0.5764309023"
"0.1837183606","0.2472114089","0.2154648848"
"0.5622936069","0.8387017938","0.7004977003"
"0.006955800511","0.2040182608","0.1054870307"
"0.08075068009","0.9070911312","0.4939209056"
"0.4774845016","0.2075300588","0.3425072802"
"0.329107348","0.6844388778","0.5067731129"
"0.007005113634","0.9864005417","0.4967028276"
"0.7260068011","0.1147571319","0.4203819665"
"0.4802631268","0.193922918","0.3370930224"
"0.1635872352","0.748891585","0.4562394101"
"0.5247767128","0.6210210968","0.5728989048"
"0.6818696827","0.1065854088","0.3942275457"
"0.9627684941","0.8210747229","0.8919216085"
"0.8099812791","0.9189938121","0.8644875456"
"0.2245712645","0.2297173701","0.2271443173"
"0.8298589932","0.3188379046","0.5743484489"
"0.5149894017","0.3369643839","0.4259768928"
"0.7599815742","0.8322553529","0.7961184636"
"0.6994546066","0.4750418089","0.5872482078"
"0.1852652555","0.05845266774","0.1218589616"
"0.5600467824","0.191267918","0.3756573502"
"0.8708159884","0.8577159056","0.864265947"
"0.872906557","0.490069563","0.68148806"
"0.9786740977","0.6280452462","0.8033596719"
"0.804224816","0.8511145911","0.8276697035"
"0.3855546315","0.2741198604","0.3298372459"
"0.3034552199","0.4016442431","0.3525497315"
"0.1940423135","0.963575569","0.5788089413"
"0.3968875209","0.8710635143","0.6339755176"
"0.7985332726","0.9444145298","0.8714739012"
"0.7250911458","0.5559792578","0.6405352018"
"0.4598402745","0.04911545149","0.254477863"
"0.01246982873","0.936080292","0.4742750604"
"0.04883369702","0.03665160862","0.04274265282"
"0.8603569855","0.4080706462","0.6342138159"
"0.620439663","0.3897531778","0.5050964204"
"0.7864581361","0.8394592411","0.8129586886"
"0.5960513407","0.3735971253","0.484824233"
"0.5283598826","0.9201670964","0.7242634895"
"0.2768396978","0.1215227723","0.199181235"
"0.5382523277","0.1320489616","0.3351506446"
"0.03511867708","0.8068329783","0.4209758277"